{
  "documents": [],
  "tables_parsed": [],
  "tables_source_info": [],
  "images": [
    {
      "original_name": "ChatGPT Image Nov 21, 2025, 01_54_21 PM",
      "file_name": "ChatGPT Image Nov 21, 2025, 01_54_21 PM.png",
      "file_path": "/workspace/ringoesim_working/public/images/ChatGPT Image Nov 21, 2025, 01_54_21 PM.png",
      "rel_path": "images/ChatGPT Image Nov 21, 2025, 01_54_21 PM.png",
      "file_type": "png",
      "category": "images"
    }
  ],
  "summary": {
    "total_files": 1,
    "by_category": {
      "documents": 0,
      "tables_parsed": 0,
      "tables_source_info": 0,
      "images": 1
    },
    "processing_time": null
  }
}